cellID,cellParent,cellTitle,cellContent
1,null,Merci,
2,1,Famille,
3,1,Collègues,
4,1,Copains,
5,1,Miscellanées,
6,1,Tout ce que j'ai oublié parce qu'un cerveau c'est gros mais petit aussi.,
7,1,Vincent & Stéphanie,
8,2,Le sang,
9,2,La ClouZAD,
10,2,Tribu Lafont,
11,3,AMAP,
12,3,ECOFOG,
13,3,LEFE,
14,4,La Gouyane,
15,4,L'HeXaGoNe,
16,5,La Musique: https://open.spotify.com/playlist/42a0UPABISE9fScrcTmZG3?si=0d42251f2b2440ca,
17,5,Le Vent,
18,5,George Brassens,
19,5,L'eau,
20,5,La lecture,
21,5,L'imaginaire et la fantaisie,
22,5,La tendresse,
23,8,La Mama,
24,8,La portée,
25,9,ToulouZ Gang,
26,10,Hélène,
27,10,Et tout les autres bien entendu!,
28,11,"Céline Leroy, Incroyable Bosse",
29,11,Camille Girard-Tercieux,
30,11,Jeanne Clément,
31,12,Valérie Troispoux,
32,12,Eliane Louisanna,
33,12,Sabrina Coste,
34,12,Jocelyn Cazal,
35,12,Les Djeuns,
36,12,Tout les autres!!,
37,13,"Régis Céréghino, El Patron",
38,13,Les doctorants,
39,13,Les collocs,
40,14,La Maison Jaune,
41,14,El Boxeo Club Clandestino,
42,14,La pirogue,
43,14,Party KingZ,
44,14,"Le 13, incarné par MOMO",
45,14,La Spez' et sa sauce,
46,15,Old Gang,
47,15,Les Maîtres,
